Country,"Recorded diagnosis, 2008","Recorded diagnosis, 2009","Recorded diagnosis, 2010","Recorded diagnosis, 2011","Recorded diagnosis, 2012","Recorded diagnosis, 2013","Recorded diagnosis, 2014","Recorded diagnosis, 2015","Recorded diagnosis, 2016","Recorded diagnosis, 2017"
England,1.0,1.0,1.0,1.0,1.0,1.0,1.0,1.0,1.0,1.0
Wales,0.022185233622637024,0.021425383127510786,0.021203356603433005,0.02080725232031081,0.01912527534996092,0.018897658390494936,0.01690553910634927,0.016626091377506626,0.018336063026712056,0.01698591511109304
Scotland,0.10463916300083224,0.10749212103177287,0.10621408211840463,0.10504876086572612,0.0914836921765082,0.09818281686272716,0.08480299344341505,0.07704905210258216,0.07050552675294211,0.06696083614624425
Northern Ireland,0.0,0.0,0.0,0.0,0.0,0.0,0.0,0.0,0.0,0.0
