Country	Recorded diagnosis, 2008
England	1.0
Wales	0.022185233622637024
Scotland	0.10463916300083224
Northern Ireland	0.0
