Country	Recorded diagnosis, 2010
England	1.0
Wales	0.021203356603433005
Scotland	0.10621408211840465
Northern Ireland	0.0
