Country	Recorded diagnosis, 2016
England	1.0
Wales	0.018336063026712056
Scotland	0.07050552675294211
Northern Ireland	0.0
