Country	Recorded diagnosis, 2017
England	1.0
Wales	0.016985915111093035
Scotland	0.06696083614624425
Northern Ireland	0.0
